number of edges, edge length, p_loss_length, p_loss_init
runs, mean fidelity, fidelity std, loss rate, min time, mean time, time std, entanglement rate
5,0.0,2,0.2
305,0.9899999999999999,0.09949874371066195,0.16229508196721312,0.0,0.0,0.0,
5,0.027777777777777776,2,0.2
1000,0.013513513513513507,0.11545951007185848,0.3418760469011725,1.3888890277777782e-07,1.8674926792417313e-06,4.009288460016171e-05,0.07437185929648285
5,0.05555555555555555,2,0.2
1000,0.0,0.0,0.47311271975180974,2.7777780555555564e-07,2.0662395228632363e-05,8.124081133248048e-05,0.013443640124095218
5,0.08333333333333333,2,0.2
1000,0.1999999999999999,0.39999999999999974,0.5723646723646724,4.166667083333332e-07,4.8750004874999715e-05,8.203632675662588e-05,0.008547008547008595
5,0.1111111111111111,2,0.2
1000,0.0,0.0,0.6407867494824017,5.555556111111113e-07,8.944445338888859e-05,7.401804175932234e-05,0.0062111801242236255
5,0.1388888888888889,2,0.2
1000,,,,6.944445138888887e-07,,,
5,0.16666666666666666,2,0.2
1000,,,,8.333334166666664e-07,,,
5,0.19444444444444442,2,0.2
1000,,,,9.72222319444444e-07,,,
5,0.2222222222222222,2,0.2
1000,,,,1.1111112222222226e-06,,,
5,0.25,2,0.2
1000,,,,1.2500001250000002e-06,,,
